{
    "code":200,
    "msg":"",
    "data":[
            {
            "templateName":"title",
            "title":"一千零一夜",
            "desc":"这个是视频描述，这个电视剧还是电影还是挺不错的。真的可以看一看，强烈推荐～",
            "templateData":[]
            },{
            "templateName":"episodes",
            "title":"剧集",
            "desc":"会员每晚24点更新",
            "templateData":[{
                            "img":"",
                            "title":"1",
                            "subTitle":"",
                            "videoId":"123456"
                            },
                            {
                            "img":"",
                            "title":"2",
                            "subTitle":"",
                            "videoId":"1234567"
                            },
                            {
                            "img":"",
                            "title":"3",
                            "subTitle":"",
                            "videoId":"123411"
                            },
                            {
                            "img":"",
                            "title":"4",
                            "subTitle":"",
                            "videoId":"1234567"
                            },
                            {
                            "img":"",
                            "title":"5",
                            "subTitle":"",
                            "videoId":"1234567"
                            },
                            {
                            "img":"",
                            "title":"6",
                            "subTitle":"",
                            "videoId":"1234567"
                            },
                            {
                            "img":"",
                            "title":"7",
                            "subTitle":"",
                            "videoId":"1234567"
                            },
                            {
                            "img":"",
                            "title":"8",
                            "subTitle":"",
                            "videoId":"1234567"
                            },
                            {
                            "img":"",
                            "title":"9",
                            "subTitle":"",
                            "videoId":"1234567"
                            },
                            {
                            "img":"",
                            "title":"10",
                            "subTitle":"",
                            "videoId":"1234567"
                            },
                            {
                            "img":"",
                            "title":"11",
                            "subTitle":"",
                            "videoId":"1234567"
                            }
                            ]
            },
            {
            "templateName":"follow",
            "title":"",
            "desc":"",
            "templateData":[{
                            "img":"https://q2.qlogo.cn/g?b=qq&k=sEiaRjWGE2wJ5zcX8HGdzQQ&s=40&t=1529510400",
                            "title":"创造101",
                            "subTitle":"1024人关注",
                            "videoId":""
                            }]
            }],
}
