
{
    "code":200,
    "msg":"",
    "data":[
            {
            "commentId":123,
            "avatar":"https://q2.qlogo.cn/g?b=qq&k=sEiaRjWGE2wJ5zcX8HGdzQQ&s=40&t=1529510400",
            "name":"史蒂夫",
            "title":"一千零一夜",
            "content":"这个是视频描述，这个电视剧还是电影还是挺不错的。真的可以看一看，强烈推荐～",
            "replyCount":"12万",
            "praiseCount":"2401"
            },
            {
            "commentId":12334,
            "avatar":"https://q2.qlogo.cn/g?b=qq&k=sEiaRjWGE2wJ5zcX8HGdzQQ&s=40&t=1529510400",
            "name":"史蒂夫",
            "title":"一千零一夜",
            "content":"这个是视频描述，这个电视剧还是电影还是挺不错的。真的可以看一看，强烈推荐～",
            "replyCount":"12万",
            "praiseCount":"2401"
            },
            {
            "commentId":123,
            "avatar":"https://q2.qlogo.cn/g?b=qq&k=sEiaRjWGE2wJ5zcX8HGdzQQ&s=40&t=1529510400",
            "name":"史蒂夫",
            "title":"一千零一夜",
            "content":"这个是视频描述，这个电视剧还是电影还是挺不错的。真的可以看一看，强烈推荐～",
            "replyCount":"12万",
            "praiseCount":"2401"
            },
            {
            "commentId":123,
            "avatar":"https://q2.qlogo.cn/g?b=qq&k=sEiaRjWGE2wJ5zcX8HGdzQQ&s=40&t=1529510400",
            "name":"史蒂夫",
            "title":"一千零一夜",
            "content":"这个是视频描述，这个电视剧还是电影还是挺不错的。真的可以看一看，强烈推荐～",
            "replyCount":"12万",
            "praiseCount":"2401"
            },
            {
            "commentId":123,
            "avatar":"https://q2.qlogo.cn/g?b=qq&k=sEiaRjWGE2wJ5zcX8HGdzQQ&s=40&t=1529510400",
            "name":"史蒂夫",
            "title":"一千零一夜",
            "content":"这个是视频描述，这个电视剧还是电影还是挺不错的。真的可以看一看，强烈推荐～",
            "replyCount":"12万",
            "praiseCount":"2401"
            },
            {
            "commentId":123,
            "avatar":"https://q2.qlogo.cn/g?b=qq&k=sEiaRjWGE2wJ5zcX8HGdzQQ&s=40&t=1529510400",
            "name":"史蒂夫",
            "title":"一千零一夜",
            "content":"这个是视频描述，这个电视剧还是电影还是挺不错的。真的可以看一看，强烈推荐～",
            "replyCount":"12万",
            "praiseCount":"2401"
            }]
}
