{
    "code": 200,
    "msg": "",
    "data": [{
             "title": "乡村趣事 被酒泡了2年的毒蛇，开瓶竟然没有死，原因有点意思",
             "cover": "https://puui.qpic.cn/qqvideo/0/a0668qjpe1h/332",
             "videoId": "232211",
             "duration": "02:17",
             "publisher": {
             "name": "乡村观察",
             "avatar": "https://inews.gtimg.com/newsapp_ls/0/176490759_100100/0"
             }
             }, {
             "title": "千花为贺兰决定和左祭司假结婚，赵松心寒不已",
             "cover": "https://puui.qpic.cn/qqvideo/0/v06788ju7ly/332",
             "videoId": "232212",
             "duration": "05:30",
             "publisher": {
             "name": "阿斯顿发",
             "avatar": "https://q2.qlogo.cn/g?b=qq&k=sEiaRjWGE2wJ5zcX8HGdzQQ&s=40&t=1529510400"
             }
             }, {
             "title": "阿斯顿发很快就好回家看哈宣传部 啊科技和你表白快看看生生世世",
             "cover": "https://puui.qpic.cn/qqvideo/0/h0697c7i0g4/332",
             "videoId": "232213",
             "duration": "06:30",
             "publisher": {
             "name": "永远怀念你",
             "avatar": "https://q2.qlogo.cn/g?b=qq&k=xDd2ow15ibclRfCHGibCQafA&s=40&t=1529510400"
             }
             }, {
             "title": "千花为贺兰决定和左祭司假结婚，赵松心寒不已",
             "cover": "https://puui.qpic.cn/vcover_hz_pic/0/7casb7nes159mrl1522814322/226",
             "videoId": "232214",
             "duration": "10:07",
             "publisher": {
             "name": "啪啪发",
             "avatar": "https://q3.qlogo.cn/g?b=qq&k=CjFNKI9wmNYUU7V7hrMAmg&s=40&t=1529510400"
             }
             }],
}
