{
    "code":200,
    "msg":"",
    "data":[
            {
            "templateName":"banner",
            "templateData":[
                            {
                            "img":"http://oss.mooncdn.cn/201611/24/20161124195859829634327.jpg",
                            "title":"室内设计家装课程",
                            "subTitle":"5500元",
                            "videoId":""
                            },
                            {
                            "img":"http://oss.mooncdn.cn/group1/M00/49/DC/Ci27jlcQvF6AfqsIAAEOyN142-M586.jpg",
                            "title":"室内手绘设计班",
                            "subTitle":"1288元",
                            "videoId":""
                            },
                            {
                            "img":"http://oss.mooncdn.cn/group1/M00/40/E5/Ci27jlbznLCANEc-AAJMkBG8GkU985.jpg",
                            "title":"定制家居全套",
                            "subTitle":"3190元",
                            "videoId":""
                            },
                            ],
            },
            {
            "templateName":"title",
            "templateData":[
                            {
                            "img":"https://i.gtimg.cn/qqlive/images/vindex/populartoday.png",
                            "title":"今日头条",
                            "subTitle":"",
                            "videoId":""
                            },
                            ],
            },
            {
            "templateName":"two",
            "templateData":[
                            {
                            "img":"http://oss.mooncdn.cn/group1/M00/63/57/Ci27jldlPI-AG5gLAAIF0Mk9SOo534.jpg",
                            "title":"网站排名项目实战班",
                            "subTitle":"7000元",
                            "videoId":""
                            },
                            {
                            "img":"http://oss.mooncdn.cn/201702/27/20170227171032898523713.jpg",
                            "title":"SEO主管班",
                            "subTitle":"5000元",
                            "videoId":""
                            },
                            ],
            },
            {
            "templateName":"change",
            "templateData":[
                            {
                            "img":"",
                            "title":"换一换",
                            "subTitle":"",
                            "videoId":""
                            },
                            {
                            "img":"",
                            "title":"找彩蛋",
                            "subTitle":"",
                            "videoId":""
                            },
                            ],
            },
            {
            "templateName":"title",
            "templateData":[
                            {
                            "img":"https://i.gtimg.cn/qqlive/images/vindex/originals.png",
                            "title":"热门排行榜",
                            "subTitle":"",
                            "videoId":""
                            },
                            ],
            },
            {
            "templateName":"rank",
            "templateData":[
                            {
                            "img":"http://oss.mooncdn.cn/group1/M00/41/24/Ci27jlbzyjeATQWcAACjGFCnUNc411.jpg",
                            "title":"韩语高级班 (分期乐）",
                            "subTitle":"",
                            "videoId":""
                            },
                            {
                            "img":"http://oss.mooncdn.cn/group1/M00/41/23/Ci27jlbzyiqALMwsAACsIhPEOZ4675.jpg",
                            "title":"韩语中级班 (分期乐）",
                            "subTitle":"",
                            "videoId":""
                            },
                            {
                            "img":"http://oss.mooncdn.cn/201612/13/20161213192656903950142.jpg",
                            "title":"插画课程 分期乐",
                            "subTitle":"",
                            "videoId":""
                            },
                            ],
            },
            {
            "templateName":"title",
            "templateData":[
                            {
                            "img":"https://i.gtimg.cn/qqlive/images/vindex/originals.png",
                            "title":"原创精选",
                            "subTitle":"",
                            "videoId":""
                            },
                            ],
            },
            {
            "templateName":"two",
            "templateData":[
                            {
                            "img":"http://oss.mooncdn.cn/group1/M00/5D/22/Ci27jldSnsOAC44cAADHuHaKBNE985.jpg",
                            "title":"潭州教育创业指导管理VIP课程",
                            "subTitle":"3860元",
                            "videoId":""
                            },
                            {
                            "img":"http://oss.mooncdn.cn/201704/06/20170406135251602102729.jpg",
                            "title":"3D游戏美术设计［全能班］",
                            "subTitle":"8980元",
                            "videoId":""
                            },
                            ],
            },
            {
            "templateName":"two",
            "templateData":[
                            {
                            "img":"http://oss.mooncdn.cn/group1/M00/42/15/Ci27jlb1FJuANwS-AAC8oJRGSF4270.jpg",
                            "title":"php初级到高级［全能微信班］",
                            "subTitle":"10360元",
                            "videoId":""
                            },
                            {
                            "img":"http://oss.mooncdn.cn/group1/M00/42/15/Ci27jlb1FMOANkDeAACYgJ4Nh-I439.jpg",
                            "title":"PHP特级班",
                            "subTitle":"2618元",
                            "videoId":""
                            },
                            ],
            },
            ],
}

