{
    "code":200,
    "msg":"",
    "data":[
            {
            "templateName":"banner",
            "templateData":[
                            {
                            "img":"http://img1.gtimg.com/v/pics/hv1/78/174/2273/147846273.jpg",
                            "title":"温暖的弦",
                            "subTitle":"张钧甯向张翰提出辞职",
                            "videoId":"123456"
                            },
                            {
                            "img":"http:i.gtimg.cn/qqlive/images/20180504/i1525443712_1.jpg",
                            "title":"漫威十周年电影专区",
                            "subTitle":"周边限时抽",
                            "videoId":"1234567"
                            },
                            {
                            "img":"http://img1.gtimg.com/v/pics/hv1/186/42/2274/147877746.jpg",
                            "title":"太空救援",
                            "subTitle":"普京点赞的最燃科幻片",
                            "videoId":"123411"
                            },
                            ],
            },
            {
            "templateName":"title",
            "templateData":[
                            {
                            "img":"https://i.gtimg.cn/qqlive/images/vindex/populartoday.png",
                            "title":"今日头条",
                            "subTitle":"",
                            "videoId":""
                            },
                            ],
            },
            {
            "templateName":"two",
            "templateData":[
                            {
                            "img":"https://puui.qpic.cn/tv/0/23687517_285160/0",
                            "title":"《生生不息》MV｜汶川十年",
                            "subTitle":"有些话我还要对你说",
                            "videoId":"12234"
                            },
                            {
                            "img":"https://puui.qpic.cn/tv/0/23694380_285160/0",
                            "title":"DNA鉴定结果确认嫌疑人身份！",
                            "subTitle":"网约车乘客遇害案告破",
                            "videoId":"12786234"
                            },
                            ],
            },
            {
            "templateName":"change",
            "templateData":[
                            {
                            "img":"",
                            "title":"换一换",
                            "subTitle":"",
                            "videoId":""
                            },
                            {
                            "img":"",
                            "title":"找彩蛋",
                            "subTitle":"",
                            "videoId":""
                            },
                            ],
            },
            {
            "templateName":"title",
            "templateData":[
                            {
                            "img":"https://i.gtimg.cn/qqlive/images/vindex/originals.png",
                            "title":"原创精选",
                            "subTitle":"",
                            "videoId":""
                            },
                            ],
            },
            {
            "templateName":"one",
            "templateData":[
                            {
                            "img":"https://puui.qpic.cn/tv/0/23694178_250140/0",
                            "title":"如何让12星座爱上你？",
                            "subTitle":"这些瞬间最怦然心动",
                            "videoId":"1209897",
                            },
                            ],
            },
            {
            "templateName":"two",
            "templateData":[
                            {
                            "img":"https://puui.qpic.cn/tv/0/23694178_250140/0",
                            "title":"如何让12星座爱上你？",
                            "subTitle":"这些瞬间最怦然心动",
                            "videoId":"134509"
                            },
                            {
                            "img":"https://puui.qpic.cn/tv/0/23695998_250140/0",
                            "title":"C位？Battle？",
                            "subTitle":"我只想pick小姐姐同款撩人穿搭",
                            "videoId":"1230982"
                            },
                            ],
            },
            {
            "templateName":"two",
            "templateData":[
                            {
                            "img":"https://puui.qpic.cn/tv/0/23694667_250140/0",
                            "title":"小野开店角角跑堂",
                            "subTitle":"最强吃货组合掏空美国人钱包",
                            "videoId":"82334"
                            },
                            {
                            "img":"https://puui.qpic.cn/tv/0/23694255_250140/0",
                            "title":"看完这些校园剧",
                            "subTitle":"是时候翻出旧校服装嫩了",
                            "videoId":"2348273"
                            },
                            ],
            }
            ],
}

