{
    "code":200,
    "msg":"",
    "data":[
            {
            "templateName":"banner",
            "templateData":[
                            {
                            "img":"http://oss.mooncdn.cn/201804/16/20180416174145265516434.jpg",
                            "title":"C++企业级开发",
                            "subTitle":"张钧甯向张翰提出辞职",
                            "videoId":""
                            },
                            {
                            "img":"http://oss.mooncdn.cn/201804/16/20180416174033762920122.jpg",
                            "title":"PHP零基础课程",
                            "subTitle":"周边限时抽",
                            "videoId":""
                            },
                            {
                            "img":"http://oss.mooncdn.cn/201804/16/20180416174121520988323.jpg",
                            "title":"室内设计零基础课程",
                            "subTitle":"普京点赞的最燃科幻片",
                            "videoId":""
                            },
                            ],
            },
            {
            "templateName":"title",
            "templateData":[
                            {
                            "img":"https://i.gtimg.cn/qqlive/images/vindex/populartoday.png",
                            "title":"精选推荐",
                            "subTitle":"",
                            "videoId":""
                            },
                            ],
            },
            {
            "templateName":"two",
            "templateData":[
                            {
                            "img":"http://oss.mooncdn.cn/group1/M00/63/57/Ci27jldlPI-AG5gLAAIF0Mk9SOo534.jpg",
                            "title":"网站排名项目实战班",
                            "subTitle":"7000元",
                            "videoId":""
                            },
                            {
                            "img":"http://oss.mooncdn.cn/201702/27/20170227171032898523713.jpg",
                            "title":"SEO主管班",
                            "subTitle":"5000元",
                            "videoId":""
                            },
                            ],
            },
            {
            "templateName":"title",
            "templateData":[
                            {
                            "img":"https://i.gtimg.cn/qqlive/images/vindex/originals.png",
                            "title":"限时特价",
                            "subTitle":"",
                            "videoId":""
                            },
                            ],
            },
            {
            "templateName":"two",
            "templateData":[
                            {
                            "img":"http://oss.mooncdn.cn/group1/M00/5D/22/Ci27jldSnsOAC44cAADHuHaKBNE985.jpg",
                            "title":"潭州教育创业指导管理VIP课程",
                            "subTitle":"3860元",
                            "videoId":""
                            },
                            {
                            "img":"http://oss.mooncdn.cn/201704/06/20170406135251602102729.jpg",
                            "title":"3D游戏美术设计［全能班］",
                            "subTitle":"8980元",
                            "videoId":""
                            },
                            ],
            },
            {
            "templateName":"two",
            "templateData":[
                            {
                            "img":"http://oss.mooncdn.cn/group1/M00/42/15/Ci27jlb1FJuANwS-AAC8oJRGSF4270.jpg",
                            "title":"php初级到高级［全能微信班］",
                            "subTitle":"10360元",
                            "videoId":""
                            },
                            {
                            "img":"http://oss.mooncdn.cn/group1/M00/42/15/Ci27jlb1FMOANkDeAACYgJ4Nh-I439.jpg",
                            "title":"PHP特级班",
                            "subTitle":"2618元",
                            "videoId":""
                            },
                            ],
            },
            {
            "templateName":"change",
            "templateData":[
                            {
                            "img":"",
                            "title":"换一换",
                            "subTitle":"",
                            "videoId":""
                            },
                            {
                            "img":"",
                            "title":"找彩蛋",
                            "subTitle":"",
                            "videoId":""
                            },
                            ],
            },
            ],
}

