{
    "code":200,
    "msg":"",
    "data":[
            {
            "templateName":"banner",
            "templateData":[
                            {
                            "img":"http://oss.mooncdn.cn/group1/M00/72/6F/Ci27jleI9XGAYgbsAADoWklUAmY653.jpg",
                            "title":"团队管理班",
                            "subTitle":"3480元",
                            "videoId":""
                            },
                            {
                            "img":"http://oss.mooncdn.cn/group1/M00/66/AD/Ci27jlduJ9yAEBxrAAKGwvMqMhQ362.jpg",
                            "title":"高薪就业班+职业规划班",
                            "subTitle":"2000元",
                            "videoId":""
                            },
                            {
                            "img":"http://oss.mooncdn.cn/201804/21/20180421144502475951844.png",
                            "title":"蔬菜全套系统学习班",
                            "subTitle":"4880元",
                            "videoId":""
                            },
                            ],
            },
            {
            "templateName":"title",
            "templateData":[
                            {
                            "img":"https://i.gtimg.cn/qqlive/images/vindex/populartoday.png",
                            "title":"精选",
                            "subTitle":"",
                            "videoId":""
                            },
                            ],
            },
            {
            "templateName":"one",
            "templateData":[
                            {
                            "img":"http://oss.mooncdn.cn/group1/M00/62/AD/Ci27jldjr0KAWTckAADprul2xso085.jpg",
                            "title":"情感爆破班",
                            "subTitle":"6000元",
                            "videoId":""
                            },
                            ],
            },
            {
            "templateName":"two",
            "templateData":[
                            {
                            "img":"http://oss.mooncdn.cn/group1/M00/49/5E/Ci27jlcPOcmAaJbwAAQkmYLriwo888.png",
                            "title":"宠物狗训练班",
                            "subTitle":"1080元",
                            "videoId":""
                            },
                            {
                            "img":"http://oss.mooncdn.cn/201611/25/20161125160839078673150.jpg",
                            "title":"狗狗喂养与训练",
                            "subTitle":"1580元",
                            "videoId":""
                            },
                            ],
            },
            {
            "templateName":"change",
            "templateData":[
                            {
                            "img":"",
                            "title":"换一换",
                            "subTitle":"",
                            "videoId":""
                            },
                            {
                            "img":"",
                            "title":"找彩蛋",
                            "subTitle":"",
                            "videoId":""
                            },
                            ],
            },
            {
            "templateName":"title",
            "templateData":[
                            {
                            "img":"https://i.gtimg.cn/qqlive/images/vindex/originals.png",
                            "title":"亲子",
                            "subTitle":"",
                            "videoId":""
                            },
                            ],
            },
            {
            "templateName":"one",
            "templateData":[
                            {
                            "img":"http://oss.mooncdn.cn/group1/M00/42/B4/Ci27jlb2FymAF8gnAABg6vx6mXw954.jpg",
                            "title":"宝宝潜能开发（0-3岁）",
                            "subTitle":"10360元",
                            "videoId":""
                            },
                            ],
            },
            {
            "templateName":"two",
            "templateData":[
                            {
                            "img":"http://oss.mooncdn.cn/group1/M00/0C/B3/CqpsflYrhUSALmkhAAC42hKTD3o581.jpg",
                            "title":"小小班（3-4岁）",
                            "subTitle":"1080元",
                            "videoId":""
                            },
                            {
                            "img":"http://oss.mooncdn.cn/group1/M00/0C/B3/CqpsflYrhWOAXqH5AACkKtXM6ro224.jpg",
                            "title":"苗苗班（4-5岁）",
                            "subTitle":"1080元",
                            "videoId":""
                            },
                            ],
            },
            {
            "templateName":"title",
            "templateData":[
                            {
                            "img":"https://i.gtimg.cn/qqlive/images/vindex/originals.png",
                            "title":"中小学",
                            "subTitle":"",
                            "videoId":""
                            },
                            ],
            },
            {
            "templateName":"rank",
            "templateData":[
                            {
                            "img":"http://oss.mooncdn.cn/group1/M00/41/F1/Ci27jlb0-JmAOrFJAACy3IFY_fc972.jpg",
                            "title":"周末优惠套餐课程",
                            "subTitle":"1080元",
                            "videoId":""
                            },
                            {
                            "img":"http://oss.mooncdn.cn/group1/M00/3B/B8/Ci27jlbrs7yAci-QAABBYyuQeEQ880.jpg",
                            "title":"中考物理满分冲刺",
                            "subTitle":"900元",
                            "videoId":""
                            },
                            {
                            "img":"http://oss.mooncdn.cn/group1/M00/31/F2/Ci27jlbdOoCAWDWeAABC4HDe6xg686.jpg",
                            "title":"个性化一对一辅导",
                            "subTitle":"20元",
                            "videoId":""
                            },
                            ],
            },            ],
}

